feature,class,grid_value_scaled,pdp_mean_proba
fixed acidity,low,-1.5933200120925903,0.031143778935074806
fixed acidity,low,-1.356042742729187,0.03183770924806595
fixed acidity,low,-1.1187653541564941,0.034262172877788544
fixed acidity,low,-0.881488025188446,0.037840526551008224
fixed acidity,low,-0.644210696220398,0.03976459801197052
fixed acidity,low,-0.40693339705467224,0.03734578564763069
fixed acidity,low,-0.16965605318546295,0.03881104290485382
fixed acidity,low,0.06762126833200455,0.03917067125439644
fixed acidity,low,0.30489858984947205,0.040435947477817535
fixed acidity,low,0.5421759486198425,0.04518618434667587
fixed acidity,low,0.7794532179832458,0.046875618398189545
fixed acidity,low,1.016730546951294,0.049723200500011444
fixed acidity,low,1.2540079355239868,0.05239291861653328
fixed acidity,low,1.4912852048873901,0.05452433228492737
fixed acidity,low,1.728562593460083,0.05878632515668869
fixed acidity,low,1.9658398628234863,0.06262816488742828
fixed acidity,low,2.2031171321868896,0.06430864334106445
fixed acidity,low,2.440394639968872,0.06706021726131439
fixed acidity,low,2.6776719093322754,0.07034751027822495
fixed acidity,low,2.9149491786956787,0.07449285686016083
fixed acidity,medium,-1.5933200120925903,0.8429098129272461
fixed acidity,medium,-1.356042742729187,0.8423982858657837
fixed acidity,medium,-1.1187653541564941,0.8382161855697632
fixed acidity,medium,-0.881488025188446,0.8365670442581177
fixed acidity,medium,-0.644210696220398,0.8329988718032837
fixed acidity,medium,-0.40693339705467224,0.8335894346237183
fixed acidity,medium,-0.16965605318546295,0.8351627588272095
fixed acidity,medium,0.06762126833200455,0.8337518572807312
fixed acidity,medium,0.30489858984947205,0.8265985250473022
fixed acidity,medium,0.5421759486198425,0.8157450556755066
fixed acidity,medium,0.7794532179832458,0.813714861869812
fixed acidity,medium,1.016730546951294,0.8060148358345032
fixed acidity,medium,1.2540079355239868,0.8004640340805054
fixed acidity,medium,1.4912852048873901,0.7992150187492371
fixed acidity,medium,1.728562593460083,0.7930954098701477
fixed acidity,medium,1.9658398628234863,0.789793848991394
fixed acidity,medium,2.2031171321868896,0.7955498099327087
fixed acidity,medium,2.440394639968872,0.7976694107055664
fixed acidity,medium,2.6776719093322754,0.7943059802055359
fixed acidity,medium,2.9149491786956787,0.7909291386604309
fixed acidity,high,-1.5933200120925903,0.12594637274742126
fixed acidity,high,-1.356042742729187,0.12576408684253693
fixed acidity,high,-1.1187653541564941,0.12752166390419006
fixed acidity,high,-0.881488025188446,0.12559247016906738
fixed acidity,high,-0.644210696220398,0.12723654508590698
fixed acidity,high,-0.40693339705467224,0.12906470894813538
fixed acidity,high,-0.16965605318546295,0.12602627277374268
fixed acidity,high,0.06762126833200455,0.12707743048667908
fixed acidity,high,0.30489858984947205,0.13296552002429962
fixed acidity,high,0.5421759486198425,0.13906879723072052
fixed acidity,high,0.7794532179832458,0.13940949738025665
fixed acidity,high,1.016730546951294,0.14426203072071075
fixed acidity,high,1.2540079355239868,0.14714305102825165
fixed acidity,high,1.4912852048873901,0.14626064896583557
fixed acidity,high,1.728562593460083,0.1481183022260666
fixed acidity,high,1.9658398628234863,0.14757798612117767
fixed acidity,high,2.2031171321868896,0.1401415318250656
fixed acidity,high,2.440394639968872,0.1352703720331192
fixed acidity,high,2.6776719093322754,0.13534650206565857
fixed acidity,high,2.9149491786956787,0.13457801938056946
volatile acidity,low,-1.931073546409607,0.029294658452272415
volatile acidity,low,-1.695622444152832,0.02853778563439846
volatile acidity,low,-1.4601713418960571,0.029085367918014526
volatile acidity,low,-1.2247202396392822,0.030606478452682495
volatile acidity,low,-0.9892690777778625,0.031858380883932114
volatile acidity,low,-0.7538179159164429,0.03286846727132797
volatile acidity,low,-0.518366813659668,0.03272094950079918
volatile acidity,low,-0.2829156816005707,0.03326500207185745
volatile acidity,low,-0.04746454209089279,0.03234153985977173
volatile acidity,low,0.1879865825176239,0.03309383988380432
volatile acidity,low,0.4234377145767212,0.03468649834394455
volatile acidity,low,0.6588888764381409,0.035546332597732544
volatile acidity,low,0.8943399786949158,0.03721504285931587
volatile acidity,low,1.1297911405563354,0.04106179624795914
volatile acidity,low,1.3652422428131104,0.04310239478945732
volatile acidity,low,1.6006933450698853,0.04646861553192139
volatile acidity,low,1.8361444473266602,0.048407215625047684
volatile acidity,low,2.0715956687927246,0.0499284490942955
volatile acidity,low,2.30704665184021,0.04911934584379196
volatile acidity,low,2.5424978733062744,0.05194934457540512
volatile acidity,medium,-1.931073546409607,0.8259504437446594
volatile acidity,medium,-1.695622444152832,0.8264198303222656
volatile acidity,medium,-1.4601713418960571,0.821219265460968
volatile acidity,medium,-1.2247202396392822,0.8205277323722839
volatile acidity,medium,-0.9892690777778625,0.8190872073173523
volatile acidity,medium,-0.7538179159164429,0.821963906288147
volatile acidity,medium,-0.518366813659668,0.8254495859146118
volatile acidity,medium,-0.2829156816005707,0.8247101902961731
volatile acidity,medium,-0.04746454209089279,0.8290281295776367
volatile acidity,medium,0.1879865825176239,0.8315966725349426
volatile acidity,medium,0.4234377145767212,0.8328679800033569
volatile acidity,medium,0.6588888764381409,0.8359724879264832
volatile acidity,medium,0.8943399786949158,0.8356006741523743
volatile acidity,medium,1.1297911405563354,0.8332813382148743
volatile acidity,medium,1.3652422428131104,0.8278361558914185
volatile acidity,medium,1.6006933450698853,0.8267612457275391
volatile acidity,medium,1.8361444473266602,0.8276012539863586
volatile acidity,medium,2.0715956687927246,0.8272072672843933
volatile acidity,medium,2.30704665184021,0.826215386390686
volatile acidity,medium,2.5424978733062744,0.8269615173339844
volatile acidity,high,-1.931073546409607,0.14475490152835846
volatile acidity,high,-1.695622444152832,0.14504238963127136
volatile acidity,high,-1.4601713418960571,0.14969544112682343
volatile acidity,high,-1.2247202396392822,0.14886577427387238
volatile acidity,high,-0.9892690777778625,0.1490544080734253
volatile acidity,high,-0.7538179159164429,0.14516761898994446
volatile acidity,high,-0.518366813659668,0.1418294608592987
volatile acidity,high,-0.2829156816005707,0.14202480018138885
volatile acidity,high,-0.04746454209089279,0.13863034546375275
volatile acidity,high,0.1879865825176239,0.13530954718589783
volatile acidity,high,0.4234377145767212,0.13244545459747314
volatile acidity,high,0.6588888764381409,0.1284811943769455
volatile acidity,high,0.8943399786949158,0.12718427181243896
volatile acidity,high,1.1297911405563354,0.1256568431854248
volatile acidity,high,1.3652422428131104,0.1290614902973175
volatile acidity,high,1.6006933450698853,0.12677007913589478
volatile acidity,high,1.8361444473266602,0.12399156391620636
volatile acidity,high,2.0715956687927246,0.12286428362131119
volatile acidity,high,2.30704665184021,0.12466531991958618
volatile acidity,high,2.5424978733062744,0.1210891455411911
citric acid,low,-1.3826689720153809,0.04600456729531288
citric acid,low,-1.195494532585144,0.0401819609105587
citric acid,low,-1.0083200931549072,0.03755310922861099
citric acid,low,-0.8211456537246704,0.03367503732442856
citric acid,low,-0.6339712142944336,0.03041071631014347
citric acid,low,-0.4467967450618744,0.026435643434524536
citric acid,low,-0.2596223056316376,0.022836295887827873
citric acid,low,-0.07244785875082016,0.021549569442868233
citric acid,low,0.11472658812999725,0.021631957963109016
citric acid,low,0.30190104246139526,0.020413223654031754
citric acid,low,0.4890754818916321,0.020474663004279137
citric acid,low,0.6762499213218689,0.02015579864382744
citric acid,low,0.8634243607521057,0.019243692979216576
citric acid,low,1.0505988597869873,0.01730562373995781
citric acid,low,1.2377732992172241,0.017841005697846413
citric acid,low,1.424947738647461,0.01937553845345974
citric acid,low,1.6121221780776978,0.019271988421678543
citric acid,low,1.7992966175079346,0.02017318271100521
citric acid,low,1.9864710569381714,0.02261851727962494
citric acid,low,2.173645496368408,0.023915037512779236
citric acid,medium,-1.3826689720153809,0.8725534677505493
citric acid,medium,-1.195494532585144,0.8725436925888062
citric acid,medium,-1.0083200931549072,0.869346022605896
citric acid,medium,-0.8211456537246704,0.8717769384384155
citric acid,medium,-0.6339712142944336,0.8655920028686523
citric acid,medium,-0.4467967450618744,0.8584003448486328
citric acid,medium,-0.2596223056316376,0.8527923822402954
citric acid,medium,-0.07244785875082016,0.8390410542488098
citric acid,medium,0.11472658812999725,0.8334377408027649
citric acid,medium,0.30190104246139526,0.8328664898872375
citric acid,medium,0.4890754818916321,0.8310009241104126
citric acid,medium,0.6762499213218689,0.8308092951774597
citric acid,medium,0.8634243607521057,0.8302270770072937
citric acid,medium,1.0505988597869873,0.8311939239501953
citric acid,medium,1.2377732992172241,0.8330432176589966
citric acid,medium,1.424947738647461,0.8324282765388489
citric acid,medium,1.6121221780776978,0.8326557278633118
citric acid,medium,1.7992966175079346,0.8261187672615051
citric acid,medium,1.9864710569381714,0.8185042142868042
citric acid,medium,2.173645496368408,0.819372296333313
citric acid,high,-1.3826689720153809,0.08144193887710571
citric acid,high,-1.195494532585144,0.08727433532476425
citric acid,high,-1.0083200931549072,0.09310084581375122
citric acid,high,-0.8211456537246704,0.09454797208309174
citric acid,high,-0.6339712142944336,0.10399734973907471
citric acid,high,-0.4467967450618744,0.11516396701335907
citric acid,high,-0.2596223056316376,0.12437133491039276
citric acid,high,-0.07244785875082016,0.13940931856632233
citric acid,high,0.11472658812999725,0.14493024349212646
citric acid,high,0.30190104246139526,0.1467202603816986
citric acid,high,0.4890754818916321,0.1485244631767273
citric acid,high,0.6762499213218689,0.14903491735458374
citric acid,high,0.8634243607521057,0.15052926540374756
citric acid,high,1.0505988597869873,0.1515004187822342
citric acid,high,1.2377732992172241,0.14911583065986633
citric acid,high,1.424947738647461,0.14819619059562683
citric acid,high,1.6121221780776978,0.1480722725391388
citric acid,high,1.7992966175079346,0.1537080556154251
citric acid,high,1.9864710569381714,0.15887722373008728
citric acid,high,2.173645496368408,0.15671272575855255
residual sugar,low,-0.9284214973449707,0.037607453763484955
residual sugar,low,-0.6270038485527039,0.03437546640634537
residual sugar,low,-0.3255862295627594,0.03414429724216461
residual sugar,low,-0.02416861616075039,0.03737316653132439
residual sugar,low,0.2772490084171295,0.037723153829574585
residual sugar,low,0.578666627407074,0.03727460652589798
residual sugar,low,0.8800842761993408,0.04000259190797806
residual sugar,low,1.181501865386963,0.03807913511991501
residual sugar,low,1.4829195737838745,0.039947040379047394
residual sugar,low,1.7843371629714966,0.041159506887197495
residual sugar,low,2.085754871368408,0.039305709302425385
residual sugar,low,2.3871724605560303,0.03744445741176605
residual sugar,low,2.6885900497436523,0.036594290286302567
residual sugar,low,2.9900076389312744,0.0367923304438591
residual sugar,low,3.2914252281188965,0.035649754106998444
residual sugar,low,3.5928428173065186,0.035599611699581146
residual sugar,low,3.8942606449127197,0.03485722839832306
residual sugar,low,4.195678234100342,0.03357989341020584
residual sugar,low,4.497095584869385,0.03501352295279503
residual sugar,low,4.798513412475586,0.036077890545129776
residual sugar,medium,-0.9284214973449707,0.8330224752426147
residual sugar,medium,-0.6270038485527039,0.8216537237167358
residual sugar,medium,-0.3255862295627594,0.813980221748352
residual sugar,medium,-0.02416861616075039,0.8105059862136841
residual sugar,medium,0.2772490084171295,0.8145940899848938
residual sugar,medium,0.578666627407074,0.8004347085952759
residual sugar,medium,0.8800842761993408,0.7872605323791504
residual sugar,medium,1.181501865386963,0.7814103960990906
residual sugar,medium,1.4829195737838745,0.7667385339736938
residual sugar,medium,1.7843371629714966,0.7611859440803528
residual sugar,medium,2.085754871368408,0.758489191532135
residual sugar,medium,2.3871724605560303,0.7578371167182922
residual sugar,medium,2.6885900497436523,0.7590624690055847
residual sugar,medium,2.9900076389312744,0.7527191042900085
residual sugar,medium,3.2914252281188965,0.7497614622116089
residual sugar,medium,3.5928428173065186,0.7401957511901855
residual sugar,medium,3.8942606449127197,0.7300761938095093
residual sugar,medium,4.195678234100342,0.721975564956665
residual sugar,medium,4.497095584869385,0.7152002453804016
residual sugar,medium,4.798513412475586,0.7099766731262207
residual sugar,high,-0.9284214973449707,0.12937001883983612
residual sugar,high,-0.6270038485527039,0.14397075772285461
residual sugar,high,-0.3255862295627594,0.15187551081180573
residual sugar,high,-0.02416861616075039,0.1521209180355072
residual sugar,high,0.2772490084171295,0.14768274128437042
residual sugar,high,0.578666627407074,0.1622907817363739
residual sugar,high,0.8800842761993408,0.17273692786693573
residual sugar,high,1.181501865386963,0.18051043152809143
residual sugar,high,1.4829195737838745,0.19331443309783936
residual sugar,high,1.7843371629714966,0.19765456020832062
residual sugar,high,2.085754871368408,0.2022051066160202
residual sugar,high,2.3871724605560303,0.2047184407711029
residual sugar,high,2.6885900497436523,0.20434319972991943
residual sugar,high,2.9900076389312744,0.21048852801322937
residual sugar,high,3.2914252281188965,0.2145887315273285
residual sugar,high,3.5928428173065186,0.2242046594619751
residual sugar,high,3.8942606449127197,0.23506657779216766
residual sugar,high,4.195678234100342,0.2444445639848709
residual sugar,high,4.497095584869385,0.24978625774383545
residual sugar,high,4.798513412475586,0.25394541025161743
chlorides,low,-1.1191041469573975,0.03703071549534798
chlorides,low,-0.6977095007896423,0.038716986775398254
chlorides,low,-0.2763148844242096,0.04029156267642975
chlorides,low,0.14507976174354553,0.039401523768901825
chlorides,low,0.5664743781089783,0.0441289059817791
chlorides,low,0.9878690242767334,0.047146398574113846
chlorides,low,1.4092637300491333,0.04290277883410454
chlorides,low,1.8306583166122437,0.039118461310863495
chlorides,low,2.2520530223846436,0.03529495373368263
chlorides,low,2.673447608947754,0.035020627081394196
chlorides,low,3.0948421955108643,0.0320250540971756
chlorides,low,3.5162367820739746,0.028652776032686234
chlorides,low,3.937631607055664,0.02835255302488804
chlorides,low,4.359025955200195,0.02672143653035164
chlorides,low,4.780420780181885,0.022933151572942734
chlorides,low,5.201815605163574,0.02221495285630226
chlorides,low,5.6232099533081055,0.020405124872922897
chlorides,low,6.044604778289795,0.020574117079377174
chlorides,low,6.465999126434326,0.020187562331557274
chlorides,low,6.887393951416016,0.01983783207833767
chlorides,medium,-1.1191041469573975,0.7879014015197754
chlorides,medium,-0.6977095007896423,0.7886567115783691
chlorides,medium,-0.2763148844242096,0.8018535375595093
chlorides,medium,0.14507976174354553,0.8173269033432007
chlorides,medium,0.5664743781089783,0.8253637552261353
chlorides,medium,0.9878690242767334,0.8332346677780151
chlorides,medium,1.4092637300491333,0.8508874177932739
chlorides,medium,1.8306583166122437,0.865496039390564
chlorides,medium,2.2520530223846436,0.8789817094802856
chlorides,medium,2.673447608947754,0.8937293887138367
chlorides,medium,3.0948421955108643,0.9051691293716431
chlorides,medium,3.5162367820739746,0.9089282155036926
chlorides,medium,3.937631607055664,0.9203251004219055
chlorides,medium,4.359025955200195,0.9262264966964722
chlorides,medium,4.780420780181885,0.9331191778182983
chlorides,medium,5.201815605163574,0.9294736981391907
chlorides,medium,5.6232099533081055,0.9324714541435242
chlorides,medium,6.044604778289795,0.9246967434883118
chlorides,medium,6.465999126434326,0.9210616946220398
chlorides,medium,6.887393951416016,0.921994686126709
chlorides,high,-1.1191041469573975,0.17506790161132812
chlorides,high,-0.6977095007896423,0.1726262867450714
chlorides,high,-0.2763148844242096,0.1578548103570938
chlorides,high,0.14507976174354553,0.14327161014080048
chlorides,high,0.5664743781089783,0.1305074244737625
chlorides,high,0.9878690242767334,0.11961893737316132
chlorides,high,1.4092637300491333,0.10620979964733124
chlorides,high,1.8306583166122437,0.09538540244102478
chlorides,high,2.2520530223846436,0.0857234001159668
chlorides,high,2.673447608947754,0.07124989479780197
chlorides,high,3.0948421955108643,0.06280580908060074
chlorides,high,3.5162367820739746,0.06241900846362114
chlorides,high,3.937631607055664,0.051322292536497116
chlorides,high,4.359025955200195,0.04705207794904709
chlorides,high,4.780420780181885,0.04394759610295296
chlorides,high,5.201815605163574,0.048311371356248856
chlorides,high,5.6232099533081055,0.04712340980768204
chlorides,high,6.044604778289795,0.054729215800762177
chlorides,high,6.465999126434326,0.058750808238983154
chlorides,high,6.887393951416016,0.058167487382888794
free sulfur dioxide,low,-1.2475619316101074,0.04748886078596115
free sulfur dioxide,low,-1.0182262659072876,0.04089420661330223
free sulfur dioxide,low,-0.7888906598091125,0.032688118517398834
free sulfur dioxide,low,-0.5595550537109375,0.02972731553018093
free sulfur dioxide,low,-0.3302193880081177,0.026460925117135048
free sulfur dioxide,low,-0.10088375955820084,0.028455432504415512
free sulfur dioxide,low,0.128451868891716,0.032198864966630936
free sulfur dioxide,low,0.35778751969337463,0.03666479513049126
free sulfur dioxide,low,0.5871231555938721,0.03798487037420273
free sulfur dioxide,low,0.8164587616920471,0.03848279267549515
free sulfur dioxide,low,1.0457943677902222,0.03889746591448784
free sulfur dioxide,low,1.275130033493042,0.0396827831864357
free sulfur dioxide,low,1.5044656991958618,0.03983970731496811
free sulfur dioxide,low,1.7338013648986816,0.038612235337495804
free sulfur dioxide,low,1.963136911392212,0.03664473444223404
free sulfur dioxide,low,2.1924726963043213,0.0362263023853302
free sulfur dioxide,low,2.4218082427978516,0.036711759865283966
free sulfur dioxide,low,2.651143789291382,0.035384900867938995
free sulfur dioxide,low,2.880479574203491,0.03321537747979164
free sulfur dioxide,low,3.1098151206970215,0.03198584169149399
free sulfur dioxide,medium,-1.2475619316101074,0.7728575468063354
free sulfur dioxide,medium,-1.0182262659072876,0.7837551832199097
free sulfur dioxide,medium,-0.7888906598091125,0.7969256043434143
free sulfur dioxide,medium,-0.5595550537109375,0.8141326904296875
free sulfur dioxide,medium,-0.3302193880081177,0.8279975652694702
free sulfur dioxide,medium,-0.10088375955820084,0.8304784893989563
free sulfur dioxide,medium,0.128451868891716,0.8317317962646484
free sulfur dioxide,medium,0.35778751969337463,0.8273326754570007
free sulfur dioxide,medium,0.5871231555938721,0.8332034945487976
free sulfur dioxide,medium,0.8164587616920471,0.8370141983032227
free sulfur dioxide,medium,1.0457943677902222,0.8424808382987976
free sulfur dioxide,medium,1.275130033493042,0.8462486267089844
free sulfur dioxide,medium,1.5044656991958618,0.8454517126083374
free sulfur dioxide,medium,1.7338013648986816,0.8490810394287109
free sulfur dioxide,medium,1.963136911392212,0.8445495367050171
free sulfur dioxide,medium,2.1924726963043213,0.849864661693573
free sulfur dioxide,medium,2.4218082427978516,0.8544473648071289
free sulfur dioxide,medium,2.651143789291382,0.857922375202179
free sulfur dioxide,medium,2.880479574203491,0.8610830307006836
free sulfur dioxide,medium,3.1098151206970215,0.8654537200927734
free sulfur dioxide,high,-1.2475619316101074,0.1796536147594452
free sulfur dioxide,high,-1.0182262659072876,0.17535051703453064
free sulfur dioxide,high,-0.7888906598091125,0.17038628458976746
free sulfur dioxide,high,-0.5595550537109375,0.15613994002342224
free sulfur dioxide,high,-0.3302193880081177,0.1455415040254593
free sulfur dioxide,high,-0.10088375955820084,0.14106610417366028
free sulfur dioxide,high,0.128451868891716,0.13606932759284973
free sulfur dioxide,high,0.35778751969337463,0.1360025405883789
free sulfur dioxide,high,0.5871231555938721,0.12881164252758026
free sulfur dioxide,high,0.8164587616920471,0.12450303882360458
free sulfur dioxide,high,1.0457943677902222,0.11862166970968246
free sulfur dioxide,high,1.275130033493042,0.11406855285167694
free sulfur dioxide,high,1.5044656991958618,0.11470858752727509
free sulfur dioxide,high,1.7338013648986816,0.11230678856372833
free sulfur dioxide,high,1.963136911392212,0.11880570650100708
free sulfur dioxide,high,2.1924726963043213,0.11390900611877441
free sulfur dioxide,high,2.4218082427978516,0.10884077847003937
free sulfur dioxide,high,2.651143789291382,0.10669271647930145
free sulfur dioxide,high,2.880479574203491,0.10570154339075089
free sulfur dioxide,high,3.1098151206970215,0.10256042331457138
total sulfur dioxide,low,-1.1892770528793335,0.03702171519398689
total sulfur dioxide,low,-0.9673166275024414,0.03341285139322281
total sulfur dioxide,low,-0.7453561425209045,0.03051026538014412
total sulfur dioxide,low,-0.5233957171440125,0.03127652779221535
total sulfur dioxide,low,-0.301435261964798,0.0380454957485199
total sulfur dioxide,low,-0.0794748067855835,0.042323291301727295
total sulfur dioxide,low,0.14248564839363098,0.042541299015283585
total sulfur dioxide,low,0.36444610357284546,0.03905463218688965
total sulfur dioxide,low,0.5864065289497375,0.03638168051838875
total sulfur dioxide,low,0.8083670139312744,0.03567393124103546
total sulfur dioxide,low,1.0303274393081665,0.03527418151497841
total sulfur dioxide,low,1.2522878646850586,0.035575151443481445
total sulfur dioxide,low,1.4742482900619507,0.03344470262527466
total sulfur dioxide,low,1.6962088346481323,0.03026803396642208
total sulfur dioxide,low,1.9181692600250244,0.027496665716171265
total sulfur dioxide,low,2.140129566192627,0.027453530579805374
total sulfur dioxide,low,2.3620901107788086,0.02659009024500847
total sulfur dioxide,low,2.5840506553649902,0.025575583800673485
total sulfur dioxide,low,2.8060109615325928,0.024910733103752136
total sulfur dioxide,low,3.0279715061187744,0.02621603012084961
total sulfur dioxide,medium,-1.1892770528793335,0.7833617925643921
total sulfur dioxide,medium,-0.9673166275024414,0.7880773544311523
total sulfur dioxide,medium,-0.7453561425209045,0.7998145222663879
total sulfur dioxide,medium,-0.5233957171440125,0.8090521097183228
total sulfur dioxide,medium,-0.301435261964798,0.8117277026176453
total sulfur dioxide,medium,-0.0794748067855835,0.8138391375541687
total sulfur dioxide,medium,0.14248564839363098,0.8184537887573242
total sulfur dioxide,medium,0.36444610357284546,0.8267677426338196
total sulfur dioxide,medium,0.5864065289497375,0.8388381004333496
total sulfur dioxide,medium,0.8083670139312744,0.8431421518325806
total sulfur dioxide,medium,1.0303274393081665,0.8446773290634155
total sulfur dioxide,medium,1.2522878646850586,0.8476322293281555
total sulfur dioxide,medium,1.4742482900619507,0.8497235178947449
total sulfur dioxide,medium,1.6962088346481323,0.8512517809867859
total sulfur dioxide,medium,1.9181692600250244,0.8490175008773804
total sulfur dioxide,medium,2.140129566192627,0.8518903851509094
total sulfur dioxide,medium,2.3620901107788086,0.8568317294120789
total sulfur dioxide,medium,2.5840506553649902,0.8631843328475952
total sulfur dioxide,medium,2.8060109615325928,0.865003764629364
total sulfur dioxide,medium,3.0279715061187744,0.8656936883926392
total sulfur dioxide,high,-1.1892770528793335,0.17961648106575012
total sulfur dioxide,high,-0.9673166275024414,0.17850978672504425
total sulfur dioxide,high,-0.7453561425209045,0.16967524588108063
total sulfur dioxide,high,-0.5233957171440125,0.15967145562171936
total sulfur dioxide,high,-0.301435261964798,0.15022686123847961
total sulfur dioxide,high,-0.0794748067855835,0.143837571144104
total sulfur dioxide,high,0.14248564839363098,0.13900496065616608
total sulfur dioxide,high,0.36444610357284546,0.13417759537696838
total sulfur dioxide,high,0.5864065289497375,0.12478029727935791
total sulfur dioxide,high,0.8083670139312744,0.12118394672870636
total sulfur dioxide,high,1.0303274393081665,0.1200484037399292
total sulfur dioxide,high,1.2522878646850586,0.11679265648126602
total sulfur dioxide,high,1.4742482900619507,0.11683177947998047
total sulfur dioxide,high,1.6962088346481323,0.1184801235795021
total sulfur dioxide,high,1.9181692600250244,0.12348584830760956
total sulfur dioxide,high,2.140129566192627,0.12065603584051132
total sulfur dioxide,high,2.3620901107788086,0.11657829582691193
total sulfur dioxide,high,2.5840506553649902,0.11124002933502197
total sulfur dioxide,high,2.8060109615325928,0.11008550971746445
total sulfur dioxide,high,3.0279715061187744,0.10809030383825302
density,low,-2.32030987739563,0.028702979907393456
density,low,-2.065011501312256,0.031746990978717804
density,low,-1.8097128868103027,0.03634456917643547
density,low,-1.5544142723083496,0.03719877824187279
density,low,-1.299115777015686,0.038849569857120514
density,low,-1.043817162513733,0.039773181080818176
density,low,-0.7885186076164246,0.04379555583000183
density,low,-0.5332200527191162,0.04236231744289398
density,low,-0.27792149782180786,0.04052867367863655
density,low,-0.02262294851243496,0.039055097848176956
density,low,0.23267561197280884,0.04142781347036362
density,low,0.4879741668701172,0.04040003940463066
density,low,0.7432727217674255,0.042256660759449005
density,low,0.9985712766647339,0.041726596653461456
density,low,1.2538697719573975,0.04153032228350639
density,low,1.5091683864593506,0.041207581758499146
density,low,1.7644668817520142,0.04012518376111984
density,low,2.0197653770446777,0.04059980437159538
density,low,2.275063991546631,0.03863818198442459
density,low,2.530362606048584,0.0373576283454895
density,medium,-2.32030987739563,0.8003500699996948
density,medium,-2.065011501312256,0.7988277077674866
density,medium,-1.8097128868103027,0.7916153073310852
density,medium,-1.5544142723083496,0.7937307357788086
density,medium,-1.299115777015686,0.7895001173019409
density,medium,-1.043817162513733,0.7848581075668335
density,medium,-0.7885186076164246,0.7865565419197083
density,medium,-0.5332200527191162,0.7934902310371399
density,medium,-0.27792149782180786,0.7973161935806274
density,medium,-0.02262294851243496,0.80182284116745
density,medium,0.23267561197280884,0.8071423768997192
density,medium,0.4879741668701172,0.8082689046859741
density,medium,0.7432727217674255,0.8222057223320007
density,medium,0.9985712766647339,0.8301222920417786
density,medium,1.2538697719573975,0.8379560708999634
density,medium,1.5091683864593506,0.849822998046875
density,medium,1.7644668817520142,0.8579845428466797
density,medium,2.0197653770446777,0.8673547506332397
density,medium,2.275063991546631,0.8775690197944641
density,medium,2.530362606048584,0.8805023431777954
density,high,-2.32030987739563,0.17094692587852478
density,high,-2.065011501312256,0.16942527890205383
density,high,-1.8097128868103027,0.17204010486602783
density,high,-1.5544142723083496,0.16907045245170593
density,high,-1.299115777015686,0.17165033519268036
density,high,-1.043817162513733,0.17536874115467072
density,high,-0.7885186076164246,0.16964788734912872
density,high,-0.5332200527191162,0.16414746642112732
density,high,-0.27792149782180786,0.1621551364660263
density,high,-0.02262294851243496,0.1591220200061798
density,high,0.23267561197280884,0.15142981708049774
density,high,0.4879741668701172,0.15133103728294373
density,high,0.7432727217674255,0.13553757965564728
density,high,0.9985712766647339,0.12815120816230774
density,high,1.2538697719573975,0.12051360309123993
density,high,1.5091683864593506,0.10896941274404526
density,high,1.7644668817520142,0.10189032554626465
density,high,2.0197653770446777,0.09204547107219696
density,high,2.275063991546631,0.08379273116588593
density,high,2.530362606048584,0.08214004337787628
pH,low,-2.506749391555786,0.024000711739063263
pH,low,-2.270721912384033,0.027013201266527176
pH,low,-2.0346944332122803,0.028879493474960327
pH,low,-1.7986668348312378,0.030284160748124123
pH,low,-1.5626392364501953,0.0320483073592186
pH,low,-1.3266117572784424,0.031405676156282425
pH,low,-1.0905841588974,0.030967947095632553
pH,low,-0.854556679725647,0.031196633353829384
pH,low,-0.6185291409492493,0.032387495040893555
pH,low,-0.38250160217285156,0.03464103117585182
pH,low,-0.14647406339645386,0.03491242229938507
pH,low,0.08955346792936325,0.03593188524246216
pH,low,0.32558101415634155,0.037209074944257736
pH,low,0.5616085529327393,0.03617309778928757
pH,low,0.797636091709137,0.03499579802155495
pH,low,1.0336636304855347,0.034337010234594345
pH,low,1.2696911096572876,0.033858735114336014
pH,low,1.50571870803833,0.0363135002553463
pH,low,1.741746187210083,0.0393429733812809
pH,low,1.9777737855911255,0.046164777129888535
pH,medium,-2.506749391555786,0.8205302357673645
pH,medium,-2.270721912384033,0.8168347477912903
pH,medium,-2.0346944332122803,0.819384753704071
pH,medium,-1.7986668348312378,0.8186373710632324
pH,medium,-1.5626392364501953,0.8156669735908508
pH,medium,-1.3266117572784424,0.8150655031204224
pH,medium,-1.0905841588974,0.8106853365898132
pH,medium,-0.854556679725647,0.8097823858261108
pH,medium,-0.6185291409492493,0.8096548318862915
pH,medium,-0.38250160217285156,0.8073893785476685
pH,medium,-0.14647406339645386,0.8064190149307251
pH,medium,0.08955346792936325,0.8054510354995728
pH,medium,0.32558101415634155,0.8058780431747437
pH,medium,0.5616085529327393,0.8112937808036804
pH,medium,0.797636091709137,0.8147314786911011
pH,medium,1.0336636304855347,0.8179440498352051
pH,medium,1.2696911096572876,0.8234460949897766
pH,medium,1.50571870803833,0.8329564929008484
pH,medium,1.741746187210083,0.836147129535675
pH,medium,1.9777737855911255,0.8355935215950012
pH,high,-2.506749391555786,0.15546907484531403
pH,high,-2.270721912384033,0.15615214407444
pH,high,-2.0346944332122803,0.15173578262329102
pH,high,-1.7986668348312378,0.1510784924030304
pH,high,-1.5626392364501953,0.15228460729122162
pH,high,-1.3266117572784424,0.15352880954742432
pH,high,-1.0905841588974,0.15834663808345795
pH,high,-0.854556679725647,0.15902097523212433
pH,high,-0.6185291409492493,0.15795771777629852
pH,high,-0.38250160217285156,0.1579696387052536
pH,high,-0.14647406339645386,0.1586686074733734
pH,high,0.08955346792936325,0.1586170494556427
pH,high,0.32558101415634155,0.15691286325454712
pH,high,0.5616085529327393,0.15253308415412903
pH,high,0.797636091709137,0.15027272701263428
pH,high,1.0336636304855347,0.14771892130374908
pH,high,1.2696911096572876,0.14269523322582245
pH,high,1.50571870803833,0.13072991371154785
pH,high,1.741746187210083,0.12450997531414032
pH,high,1.9777737855911255,0.11824169009923935
sulphates,low,-1.5260323286056519,0.05631072074174881
sulphates,low,-1.2532281875610352,0.05026356503367424
sulphates,low,-0.9804241061210632,0.046002164483070374
sulphates,low,-0.7076200246810913,0.04236391559243202
sulphates,low,-0.434815913438797,0.03926429897546768
sulphates,low,-0.16201181709766388,0.0361759178340435
sulphates,low,0.11079229414463043,0.03318961337208748
sulphates,low,0.38359639048576355,0.03212355822324753
sulphates,low,0.6564005017280579,0.031196827068924904
sulphates,low,0.9292045831680298,0.03185272961854935
sulphates,low,1.2020087242126465,0.03085772693157196
sulphates,low,1.4748128652572632,0.029994601383805275
sulphates,low,1.7476168870925903,0.029279831796884537
sulphates,low,2.020421028137207,0.028622204437851906
sulphates,low,2.293225049972534,0.028406644240021706
sulphates,low,2.5660293102264404,0.029012197628617287
sulphates,low,2.8388333320617676,0.029862985014915466
sulphates,low,3.1116373538970947,0.027636755257844925
sulphates,low,3.384441614151001,0.02681371569633484
sulphates,low,3.657245635986328,0.027498889714479446
sulphates,medium,-1.5260323286056519,0.9125007390975952
sulphates,medium,-1.2532281875610352,0.9121488332748413
sulphates,medium,-0.9804241061210632,0.9077049493789673
sulphates,medium,-0.7076200246810913,0.8971540331840515
sulphates,medium,-0.434815913438797,0.8815366625785828
sulphates,medium,-0.16201181709766388,0.8590060472488403
sulphates,medium,0.11079229414463043,0.83063805103302
sulphates,medium,0.38359639048576355,0.7993263006210327
sulphates,medium,0.6564005017280579,0.7716086506843567
sulphates,medium,0.9292045831680298,0.7669286131858826
sulphates,medium,1.2020087242126465,0.7723749876022339
sulphates,medium,1.4748128652572632,0.7765604257583618
sulphates,medium,1.7476168870925903,0.7768460512161255
sulphates,medium,2.020421028137207,0.7717753648757935
sulphates,medium,2.293225049972534,0.7740976214408875
sulphates,medium,2.5660293102264404,0.7763927578926086
sulphates,medium,2.8388333320617676,0.7742151618003845
sulphates,medium,3.1116373538970947,0.7722741365432739
sulphates,medium,3.384441614151001,0.7684545516967773
sulphates,medium,3.657245635986328,0.7592016458511353
sulphates,high,-1.5260323286056519,0.031188547611236572
sulphates,high,-1.2532281875610352,0.03758756443858147
sulphates,high,-0.9804241061210632,0.046292878687381744
sulphates,high,-0.7076200246810913,0.060481976717710495
sulphates,high,-0.434815913438797,0.07919903844594955
sulphates,high,-0.16201181709766388,0.10481812804937363
sulphates,high,0.11079229414463043,0.13617238402366638
sulphates,high,0.38359639048576355,0.16855010390281677
sulphates,high,0.6564005017280579,0.19719454646110535
sulphates,high,0.9292045831680298,0.2012186348438263
sulphates,high,1.2020087242126465,0.19676731526851654
sulphates,high,1.4748128652572632,0.19344493746757507
sulphates,high,1.7476168870925903,0.19387410581111908
sulphates,high,2.020421028137207,0.19960245490074158
sulphates,high,2.293225049972534,0.1974957138299942
sulphates,high,2.5660293102264404,0.19459502398967743
sulphates,high,2.8388333320617676,0.1959218680858612
sulphates,high,3.1116373538970947,0.20008912682533264
sulphates,high,3.384441614151001,0.204731747508049
sulphates,high,3.657245635986328,0.21329942345619202
alcohol,low,-1.337841272354126,0.04606880992650986
alcohol,low,-1.1441203355789185,0.04116331413388252
alcohol,low,-0.9503993988037109,0.038646627217531204
alcohol,low,-0.7566784620285034,0.03841231018304825
alcohol,low,-0.5629575848579407,0.03705519065260887
alcohol,low,-0.36923664808273315,0.0353783443570137
alcohol,low,-0.17551574110984802,0.0347246415913105
alcohol,low,0.018205175176262856,0.035612381994724274
alcohol,low,0.21192608773708344,0.03986387699842453
alcohol,low,0.40564700961112976,0.042110320180654526
alcohol,low,0.5993679165840149,0.040867794305086136
alcohol,low,0.7930888533592224,0.039113689213991165
alcohol,low,0.9868097305297852,0.038054209202528
alcohol,low,1.1805306673049927,0.03566571697592735
alcohol,low,1.3742516040802002,0.034417133778333664
alcohol,low,1.5679725408554077,0.03105073608458042
alcohol,low,1.7616934776306152,0.027694588527083397
alcohol,low,1.9554142951965332,0.02202272042632103
alcohol,low,2.1491353511810303,0.018358264118433
alcohol,low,2.3428561687469482,0.01719132624566555
alcohol,medium,-1.337841272354126,0.8953995704650879
alcohol,medium,-1.1441203355789185,0.8964484930038452
alcohol,medium,-0.9503993988037109,0.8941515684127808
alcohol,medium,-0.7566784620285034,0.88653564453125
alcohol,medium,-0.5629575848579407,0.879257082939148
alcohol,medium,-0.36923664808273315,0.8653356432914734
alcohol,medium,-0.17551574110984802,0.8521836400032043
alcohol,medium,0.018205175176262856,0.8355616331100464
alcohol,medium,0.21192608773708344,0.8184709548950195
alcohol,medium,0.40564700961112976,0.8063804507255554
alcohol,medium,0.5993679165840149,0.7945993542671204
alcohol,medium,0.7930888533592224,0.7786648869514465
alcohol,medium,0.9868097305297852,0.7654126882553101
alcohol,medium,1.1805306673049927,0.7644232511520386
alcohol,medium,1.3742516040802002,0.7584049105644226
alcohol,medium,1.5679725408554077,0.7590912580490112
alcohol,medium,1.7616934776306152,0.7591809034347534
alcohol,medium,1.9554142951965332,0.7580754160881042
alcohol,medium,2.1491353511810303,0.7494993209838867
alcohol,medium,2.3428561687469482,0.7426450848579407
alcohol,high,-1.337841272354126,0.05853164196014404
alcohol,high,-1.1441203355789185,0.062388233840465546
alcohol,high,-0.9503993988037109,0.06720175594091415
alcohol,high,-0.7566784620285034,0.07505211234092712
alcohol,high,-0.5629575848579407,0.08368771523237228
alcohol,high,-0.36923664808273315,0.09928595274686813
alcohol,high,-0.17551574110984802,0.11309172958135605
alcohol,high,0.018205175176262856,0.12882597744464874
alcohol,high,0.21192608773708344,0.14166522026062012
alcohol,high,0.40564700961112976,0.1515091508626938
alcohol,high,0.5993679165840149,0.1645328849554062
alcohol,high,0.7930888533592224,0.18222138285636902
alcohol,high,0.9868097305297852,0.19653309881687164
alcohol,high,1.1805306673049927,0.19991104304790497
alcohol,high,1.3742516040802002,0.20717795193195343
alcohol,high,1.5679725408554077,0.2098579853773117
alcohol,high,1.7616934776306152,0.21312448382377625
alcohol,high,1.9554142951965332,0.21990184485912323
alcohol,high,2.1491353511810303,0.2321424037218094
alcohol,high,2.3428561687469482,0.24016359448432922
sulphur_ratio,low,-1.7555532455444336,0.03758271411061287
sulphur_ratio,low,-1.5358377695083618,0.03754962608218193
sulphur_ratio,low,-1.31612229347229,0.036954671144485474
sulphur_ratio,low,-1.0964068174362183,0.03715607523918152
sulphur_ratio,low,-0.8766914010047913,0.03679206222295761
sulphur_ratio,low,-0.6569759249687195,0.03683323413133621
sulphur_ratio,low,-0.4372604489326477,0.03781024366617203
sulphur_ratio,low,-0.21754498779773712,0.03597776219248772
sulphur_ratio,low,0.002170468680560589,0.03440383821725845
sulphur_ratio,low,0.22188593447208405,0.03346031904220581
sulphur_ratio,low,0.44160139560699463,0.032514166086912155
sulphur_ratio,low,0.6613168716430664,0.031985461711883545
sulphur_ratio,low,0.8810323476791382,0.02968435361981392
sulphur_ratio,low,1.10074782371521,0.027912627905607224
sulphur_ratio,low,1.3204632997512817,0.026010900735855103
sulphur_ratio,low,1.540178656578064,0.02392830327153206
sulphur_ratio,low,1.7598941326141357,0.02358204685151577
sulphur_ratio,low,1.9796096086502075,0.022958260029554367
sulphur_ratio,low,2.1993250846862793,0.02261439897119999
sulphur_ratio,low,2.4190404415130615,0.02192937210202217
sulphur_ratio,medium,-1.7555532455444336,0.8583787679672241
sulphur_ratio,medium,-1.5358377695083618,0.8519934415817261
sulphur_ratio,medium,-1.31612229347229,0.8457339406013489
sulphur_ratio,medium,-1.0964068174362183,0.8409979939460754
sulphur_ratio,medium,-0.8766914010047913,0.8374567031860352
sulphur_ratio,medium,-0.6569759249687195,0.834058940410614
sulphur_ratio,medium,-0.4372604489326477,0.8286663293838501
sulphur_ratio,medium,-0.21754498779773712,0.8235586285591125
sulphur_ratio,medium,0.002170468680560589,0.8151768445968628
sulphur_ratio,medium,0.22188593447208405,0.8110142946243286
sulphur_ratio,medium,0.44160139560699463,0.8041481971740723
sulphur_ratio,medium,0.6613168716430664,0.7999690175056458
sulphur_ratio,medium,0.8810323476791382,0.7920375466346741
sulphur_ratio,medium,1.10074782371521,0.7931430339813232
sulphur_ratio,medium,1.3204632997512817,0.7941797971725464
sulphur_ratio,medium,1.540178656578064,0.7868220806121826
sulphur_ratio,medium,1.7598941326141357,0.7851821780204773
sulphur_ratio,medium,1.9796096086502075,0.776755154132843
sulphur_ratio,medium,2.1993250846862793,0.7722690105438232
sulphur_ratio,medium,2.4190404415130615,0.768995463848114
sulphur_ratio,high,-1.7555532455444336,0.10403845459222794
sulphur_ratio,high,-1.5358377695083618,0.11045686155557632
sulphur_ratio,high,-1.31612229347229,0.11731138080358505
sulphur_ratio,high,-1.0964068174362183,0.12184592336416245
sulphur_ratio,high,-0.8766914010047913,0.12575122714042664
sulphur_ratio,high,-0.6569759249687195,0.1291077882051468
sulphur_ratio,high,-0.4372604489326477,0.13352353870868683
sulphur_ratio,high,-0.21754498779773712,0.1404636651277542
sulphur_ratio,high,0.002170468680560589,0.15041930973529816
sulphur_ratio,high,0.22188593447208405,0.15552537143230438
sulphur_ratio,high,0.44160139560699463,0.16333763301372528
sulphur_ratio,high,0.6613168716430664,0.1680455058813095
sulphur_ratio,high,0.8810323476791382,0.17827805876731873
sulphur_ratio,high,1.10074782371521,0.17894430458545685
sulphur_ratio,high,1.3204632997512817,0.17980925738811493
sulphur_ratio,high,1.540178656578064,0.18924960494041443
sulphur_ratio,high,1.7598941326141357,0.19123578071594238
sulphur_ratio,high,1.9796096086502075,0.2002865970134735
sulphur_ratio,high,2.1993250846862793,0.20511659979820251
sulphur_ratio,high,2.4190404415130615,0.2090751677751541
nonfree_sulfur,low,-1.0117236375808716,0.053719412535429
nonfree_sulfur,low,-0.7867529392242432,0.04731973260641098
nonfree_sulfur,low,-0.5617823004722595,0.04238598793745041
nonfree_sulfur,low,-0.3368116021156311,0.03775320202112198
nonfree_sulfur,low,-0.11184091866016388,0.03613594174385071
nonfree_sulfur,low,0.11312975734472275,0.03261064365506172
nonfree_sulfur,low,0.3381004333496094,0.029743924736976624
nonfree_sulfur,low,0.5630711317062378,0.0279593113809824
nonfree_sulfur,low,0.7880417704582214,0.02746940776705742
nonfree_sulfur,low,1.0130125284194946,0.027276959270238876
nonfree_sulfur,low,1.2379831075668335,0.0261989776045084
nonfree_sulfur,low,1.462953805923462,0.025855978950858116
nonfree_sulfur,low,1.6879245042800903,0.02528892457485199
nonfree_sulfur,low,1.9128952026367188,0.024796361103653908
nonfree_sulfur,low,2.1378657817840576,0.024160748347640038
nonfree_sulfur,low,2.3628365993499756,0.02295326068997383
nonfree_sulfur,low,2.5878071784973145,0.023917395621538162
nonfree_sulfur,low,2.8127779960632324,0.025475818663835526
nonfree_sulfur,low,3.0377485752105713,0.026402007788419724
nonfree_sulfur,low,3.26271915435791,0.028294136747717857
nonfree_sulfur,medium,-1.0117236375808716,0.7858678102493286
nonfree_sulfur,medium,-0.7867529392242432,0.7892054319381714
nonfree_sulfur,medium,-0.5617823004722595,0.7962586283683777
nonfree_sulfur,medium,-0.3368116021156311,0.7990512847900391
nonfree_sulfur,medium,-0.11184091866016388,0.8034743070602417
nonfree_sulfur,medium,0.11312975734472275,0.8030529022216797
nonfree_sulfur,medium,0.3381004333496094,0.8037500381469727
nonfree_sulfur,medium,0.5630711317062378,0.8029624223709106
nonfree_sulfur,medium,0.7880417704582214,0.8061730265617371
nonfree_sulfur,medium,1.0130125284194946,0.8103132247924805
nonfree_sulfur,medium,1.2379831075668335,0.81324303150177
nonfree_sulfur,medium,1.462953805923462,0.8168991208076477
nonfree_sulfur,medium,1.6879245042800903,0.8202577829360962
nonfree_sulfur,medium,1.9128952026367188,0.8201503753662109
nonfree_sulfur,medium,2.1378657817840576,0.8226909637451172
nonfree_sulfur,medium,2.3628365993499756,0.8217266201972961
nonfree_sulfur,medium,2.5878071784973145,0.8235594630241394
nonfree_sulfur,medium,2.8127779960632324,0.8252038955688477
nonfree_sulfur,medium,3.0377485752105713,0.8287631273269653
nonfree_sulfur,medium,3.26271915435791,0.828482985496521
nonfree_sulfur,high,-1.0117236375808716,0.1604127585887909
nonfree_sulfur,high,-0.7867529392242432,0.16347485780715942
nonfree_sulfur,high,-0.5617823004722595,0.16135536134243011
nonfree_sulfur,high,-0.3368116021156311,0.16319552063941956
nonfree_sulfur,high,-0.11184091866016388,0.1603897362947464
nonfree_sulfur,high,0.11312975734472275,0.16433648765087128
nonfree_sulfur,high,0.3381004333496094,0.16650596261024475
nonfree_sulfur,high,0.5630711317062378,0.16907833516597748
nonfree_sulfur,high,0.7880417704582214,0.16635751724243164
nonfree_sulfur,high,1.0130125284194946,0.16240987181663513
nonfree_sulfur,high,1.2379831075668335,0.16055803000926971
nonfree_sulfur,high,1.462953805923462,0.15724489092826843
nonfree_sulfur,high,1.6879245042800903,0.1544533520936966
nonfree_sulfur,high,1.9128952026367188,0.1550532579421997
nonfree_sulfur,high,2.1378657817840576,0.15314824879169464
nonfree_sulfur,high,2.3628365993499756,0.15532009303569794
nonfree_sulfur,high,2.5878071784973145,0.15252313017845154
nonfree_sulfur,high,2.8127779960632324,0.14932024478912354
nonfree_sulfur,high,3.0377485752105713,0.14483493566513062
nonfree_sulfur,high,3.26271915435791,0.14322279393672943
acid_ratio,low,-1.6457136869430542,0.019574355334043503
acid_ratio,low,-1.4266877174377441,0.019351011142134666
acid_ratio,low,-1.207661747932434,0.021590374410152435
acid_ratio,low,-0.9886357188224792,0.02302447333931923
acid_ratio,low,-0.7696096897125244,0.02467227540910244
acid_ratio,low,-0.5505837202072144,0.027485013008117676
acid_ratio,low,-0.3315577208995819,0.029109138995409012
acid_ratio,low,-0.11253173649311066,0.030849168077111244
acid_ratio,low,0.10649425536394119,0.032898277044296265
acid_ratio,low,0.32552024722099304,0.03682064265012741
acid_ratio,low,0.5445462465286255,0.038150604814291
acid_ratio,low,0.7635722160339355,0.03880732133984566
acid_ratio,low,0.9825982451438904,0.04187029227614403
acid_ratio,low,1.2016242742538452,0.04561026766896248
acid_ratio,low,1.4206502437591553,0.049953751266002655
acid_ratio,low,1.6396762132644653,0.054110776633024216
acid_ratio,low,1.8587021827697754,0.059030789881944656
acid_ratio,low,2.077728271484375,0.06006050109863281
acid_ratio,low,2.2967541217803955,0.05937304347753525
acid_ratio,low,2.515780210494995,0.05884265899658203
acid_ratio,medium,-1.6457136869430542,0.8385648727416992
acid_ratio,medium,-1.4266877174377441,0.8339182138442993
acid_ratio,medium,-1.207661747932434,0.8266531825065613
acid_ratio,medium,-0.9886357188224792,0.8241742253303528
acid_ratio,medium,-0.7696096897125244,0.8238885998725891
acid_ratio,medium,-0.5505837202072144,0.8208406567573547
acid_ratio,medium,-0.3315577208995819,0.819054126739502
acid_ratio,medium,-0.11253173649311066,0.8178585171699524
acid_ratio,medium,0.10649425536394119,0.8194811940193176
acid_ratio,medium,0.32552024722099304,0.8214935064315796
acid_ratio,medium,0.5445462465286255,0.8220163583755493
acid_ratio,medium,0.7635722160339355,0.8215530514717102
acid_ratio,medium,0.9825982451438904,0.8196625709533691
acid_ratio,medium,1.2016242742538452,0.8129634857177734
acid_ratio,medium,1.4206502437591553,0.8132537007331848
acid_ratio,medium,1.6396762132644653,0.8088763952255249
acid_ratio,medium,1.8587021827697754,0.804693341255188
acid_ratio,medium,2.077728271484375,0.8054724931716919
acid_ratio,medium,2.2967541217803955,0.8035146594047546
acid_ratio,medium,2.515780210494995,0.8070316314697266
acid_ratio,high,-1.6457136869430542,0.14186076819896698
acid_ratio,high,-1.4266877174377441,0.14673075079917908
acid_ratio,high,-1.207661747932434,0.1517564356327057
acid_ratio,high,-0.9886357188224792,0.15280133485794067
acid_ratio,high,-0.7696096897125244,0.15143916010856628
acid_ratio,high,-0.5505837202072144,0.15167441964149475
acid_ratio,high,-0.3315577208995819,0.15183676779270172
acid_ratio,high,-0.11253173649311066,0.15129230916500092
acid_ratio,high,0.10649425536394119,0.1476205289363861
acid_ratio,high,0.32552024722099304,0.1416858434677124
acid_ratio,high,0.5445462465286255,0.1398330181837082
acid_ratio,high,0.7635722160339355,0.13963958621025085
acid_ratio,high,0.9825982451438904,0.13846711814403534
acid_ratio,high,1.2016242742538452,0.14142628014087677
acid_ratio,high,1.4206502437591553,0.13679257035255432
acid_ratio,high,1.6396762132644653,0.1370127946138382
acid_ratio,high,1.8587021827697754,0.13627588748931885
acid_ratio,high,2.077728271484375,0.1344670057296753
acid_ratio,high,2.2967541217803955,0.13711228966712952
acid_ratio,high,2.515780210494995,0.13412579894065857
alc_sulphates,low,-1.4795297384262085,0.045715056359767914
alc_sulphates,low,-1.2391210794448853,0.045145321637392044
alc_sulphates,low,-0.9987123608589172,0.04333311319351196
alc_sulphates,low,-0.758303701877594,0.041771866381168365
alc_sulphates,low,-0.5178950428962708,0.04098551720380783
alc_sulphates,low,-0.2774863541126251,0.03912746161222458
alc_sulphates,low,-0.03707767277956009,0.03758496791124344
alc_sulphates,low,0.20333100855350494,0.03626733645796776
alc_sulphates,low,0.4437396824359894,0.034934401512145996
alc_sulphates,low,0.684148371219635,0.03454486280679703
alc_sulphates,low,0.9245570302009583,0.034788452088832855
alc_sulphates,low,1.1649657487869263,0.03567741438746452
alc_sulphates,low,1.4053744077682495,0.03594791889190674
alc_sulphates,low,1.6457830667495728,0.03481803089380264
alc_sulphates,low,1.886191725730896,0.03426114097237587
alc_sulphates,low,2.126600503921509,0.03449530154466629
alc_sulphates,low,2.367009162902832,0.03508343547582626
alc_sulphates,low,2.6074178218841553,0.03549112752079964
alc_sulphates,low,2.8478264808654785,0.03374103456735611
alc_sulphates,low,3.0882351398468018,0.03270600363612175
alc_sulphates,medium,-1.4795297384262085,0.8324543833732605
alc_sulphates,medium,-1.2391210794448853,0.8299803733825684
alc_sulphates,medium,-0.9987123608589172,0.8244147300720215
alc_sulphates,medium,-0.758303701877594,0.8259172439575195
alc_sulphates,medium,-0.5178950428962708,0.826306939125061
alc_sulphates,medium,-0.2774863541126251,0.8211118578910828
alc_sulphates,medium,-0.03707767277956009,0.815665066242218
alc_sulphates,medium,0.20333100855350494,0.8130460977554321
alc_sulphates,medium,0.4437396824359894,0.8178532719612122
alc_sulphates,medium,0.684148371219635,0.8137397766113281
alc_sulphates,medium,0.9245570302009583,0.8156570196151733
alc_sulphates,medium,1.1649657487869263,0.8164398074150085
alc_sulphates,medium,1.4053744077682495,0.8151094317436218
alc_sulphates,medium,1.6457830667495728,0.8210073709487915
alc_sulphates,medium,1.886191725730896,0.8196126818656921
alc_sulphates,medium,2.126600503921509,0.819695770740509
alc_sulphates,medium,2.367009162902832,0.8215238451957703
alc_sulphates,medium,2.6074178218841553,0.8228389024734497
alc_sulphates,medium,2.8478264808654785,0.827661395072937
alc_sulphates,medium,3.0882351398468018,0.8365400433540344
alc_sulphates,high,-1.4795297384262085,0.12183056026697159
alc_sulphates,high,-1.2391210794448853,0.1248743087053299
alc_sulphates,high,-0.9987123608589172,0.13225215673446655
alc_sulphates,high,-0.758303701877594,0.1323108971118927
alc_sulphates,high,-0.5178950428962708,0.13270752131938934
alc_sulphates,high,-0.2774863541126251,0.13976076245307922
alc_sulphates,high,-0.03707767277956009,0.14674994349479675
alc_sulphates,high,0.20333100855350494,0.1506865918636322
alc_sulphates,high,0.4437396824359894,0.14721229672431946
alc_sulphates,high,0.684148371219635,0.15171539783477783
alc_sulphates,high,0.9245570302009583,0.14955458045005798
alc_sulphates,high,1.1649657487869263,0.14788272976875305
alc_sulphates,high,1.4053744077682495,0.14894255995750427
alc_sulphates,high,1.6457830667495728,0.1441746950149536
alc_sulphates,high,1.886191725730896,0.1461261361837387
alc_sulphates,high,2.126600503921509,0.14580897986888885
alc_sulphates,high,2.367009162902832,0.1433926522731781
alc_sulphates,high,2.6074178218841553,0.14167004823684692
alc_sulphates,high,2.8478264808654785,0.1385975331068039
alc_sulphates,high,3.0882351398468018,0.13075394928455353
density_alcohol,low,-1.3139846324920654,0.03228066489100456
density_alcohol,low,-1.1231259107589722,0.029984135180711746
density_alcohol,low,-0.9322671890258789,0.03051886521279812
density_alcohol,low,-0.7414085268974304,0.03168677166104317
density_alcohol,low,-0.5505498051643372,0.03358253091573715
density_alcohol,low,-0.3596911132335663,0.034480899572372437
density_alcohol,low,-0.16883240640163422,0.03556942939758301
density_alcohol,low,0.022026292979717255,0.036381758749485016
density_alcohol,low,0.21288499236106873,0.03695584461092949
density_alcohol,low,0.4037436842918396,0.03795945644378662
density_alcohol,low,0.5946024060249329,0.038969188928604126
density_alcohol,low,0.7854610681533813,0.04000771418213844
density_alcohol,low,0.9763197898864746,0.0396173931658268
density_alcohol,low,1.1671785116195679,0.03692249581217766
density_alcohol,low,1.3580372333526611,0.035897694528102875
density_alcohol,low,1.5488958358764648,0.03364092484116554
density_alcohol,low,1.739754557609558,0.030130106955766678
density_alcohol,low,1.9306132793426514,0.02769559621810913
density_alcohol,low,2.121471881866455,0.026407301425933838
density_alcohol,low,2.312330722808838,0.02498752623796463
density_alcohol,medium,-1.3139846324920654,0.870947003364563
density_alcohol,medium,-1.1231259107589722,0.8683909177780151
density_alcohol,medium,-0.9322671890258789,0.8617561459541321
density_alcohol,medium,-0.7414085268974304,0.8519300222396851
density_alcohol,medium,-0.5505498051643372,0.839788556098938
density_alcohol,medium,-0.3596911132335663,0.8281971216201782
density_alcohol,medium,-0.16883240640163422,0.8166061639785767
density_alcohol,medium,0.022026292979717255,0.8050085306167603
density_alcohol,medium,0.21288499236106873,0.7928349375724792
density_alcohol,medium,0.4037436842918396,0.7826564311981201
density_alcohol,medium,0.5946024060249329,0.7802548408508301
density_alcohol,medium,0.7854610681533813,0.7763857841491699
density_alcohol,medium,0.9763197898864746,0.7763081789016724
density_alcohol,medium,1.1671785116195679,0.7772547006607056
density_alcohol,medium,1.3580372333526611,0.7751075625419617
density_alcohol,medium,1.5488958358764648,0.7829886078834534
density_alcohol,medium,1.739754557609558,0.7811084985733032
density_alcohol,medium,1.9306132793426514,0.775648832321167
density_alcohol,medium,2.121471881866455,0.7734305262565613
density_alcohol,medium,2.312330722808838,0.7710469365119934
density_alcohol,high,-1.3139846324920654,0.09677232801914215
density_alcohol,high,-1.1231259107589722,0.10162492096424103
density_alcohol,high,-0.9322671890258789,0.10772500187158585
density_alcohol,high,-0.7414085268974304,0.11638321727514267
density_alcohol,high,-0.5505498051643372,0.12662896513938904
density_alcohol,high,-0.3596911132335663,0.13732196390628815
density_alcohol,high,-0.16883240640163422,0.14782439172267914
density_alcohol,high,0.022026292979717255,0.15860971808433533
density_alcohol,high,0.21288499236106873,0.17020921409130096
density_alcohol,high,0.4037436842918396,0.17938409745693207
density_alcohol,high,0.5946024060249329,0.1807759702205658
density_alcohol,high,0.7854610681533813,0.18360653519630432
density_alcohol,high,0.9763197898864746,0.18407446146011353
density_alcohol,high,1.1671785116195679,0.18582281470298767
density_alcohol,high,1.3580372333526611,0.18899469077587128
density_alcohol,high,1.5488958358764648,0.1833704710006714
density_alcohol,high,1.739754557609558,0.18876142799854279
density_alcohol,high,1.9306132793426514,0.19665555655956268
density_alcohol,high,2.121471881866455,0.2001621276140213
density_alcohol,high,2.312330722808838,0.20396551489830017
citric_fixed_ratio,low,-1.5292701721191406,0.04106916859745979
citric_fixed_ratio,low,-1.328168511390686,0.03923129290342331
citric_fixed_ratio,low,-1.127066969871521,0.0371093675494194
citric_fixed_ratio,low,-0.9259653091430664,0.03435269743204117
citric_fixed_ratio,low,-0.7248636484146118,0.03279944509267807
citric_fixed_ratio,low,-0.523762047290802,0.03169005364179611
citric_fixed_ratio,low,-0.3226603865623474,0.031161248683929443
citric_fixed_ratio,low,-0.1215587630867958,0.03191104903817177
citric_fixed_ratio,low,0.0795428603887558,0.03268361836671829
citric_fixed_ratio,low,0.2806445062160492,0.03411191701889038
citric_fixed_ratio,low,0.481746107339859,0.036169636994600296
citric_fixed_ratio,low,0.6828477382659912,0.038433223962783813
citric_fixed_ratio,low,0.8839493989944458,0.039590589702129364
citric_fixed_ratio,low,1.0850510597229004,0.03903559595346451
citric_fixed_ratio,low,1.2861526012420654,0.03881552070379257
citric_fixed_ratio,low,1.48725426197052,0.039053600281476974
citric_fixed_ratio,low,1.6883559226989746,0.03862524777650833
citric_fixed_ratio,low,1.8894575834274292,0.03945101052522659
citric_fixed_ratio,low,2.090559244155884,0.036376215517520905
citric_fixed_ratio,low,2.291660785675049,0.03633255138993263
citric_fixed_ratio,medium,-1.5292701721191406,0.8383923768997192
citric_fixed_ratio,medium,-1.328168511390686,0.8376132845878601
citric_fixed_ratio,medium,-1.127066969871521,0.8322345018386841
citric_fixed_ratio,medium,-0.9259653091430664,0.8327673673629761
citric_fixed_ratio,medium,-0.7248636484146118,0.830433189868927
citric_fixed_ratio,medium,-0.523762047290802,0.8305757641792297
citric_fixed_ratio,medium,-0.3226603865623474,0.831572413444519
citric_fixed_ratio,medium,-0.1215587630867958,0.8291586637496948
citric_fixed_ratio,medium,0.0795428603887558,0.8241647481918335
citric_fixed_ratio,medium,0.2806445062160492,0.817123532295227
citric_fixed_ratio,medium,0.481746107339859,0.8163801431655884
citric_fixed_ratio,medium,0.6828477382659912,0.81121426820755
citric_fixed_ratio,medium,0.8839493989944458,0.8096126317977905
citric_fixed_ratio,medium,1.0850510597229004,0.8100398778915405
citric_fixed_ratio,medium,1.2861526012420654,0.8126640319824219
citric_fixed_ratio,medium,1.48725426197052,0.814344048500061
citric_fixed_ratio,medium,1.6883559226989746,0.8143903613090515
citric_fixed_ratio,medium,1.8894575834274292,0.8128120303153992
citric_fixed_ratio,medium,2.090559244155884,0.8191935420036316
citric_fixed_ratio,medium,2.291660785675049,0.8232305645942688
citric_fixed_ratio,high,-1.5292701721191406,0.12053845077753067
citric_fixed_ratio,high,-1.328168511390686,0.12315535545349121
citric_fixed_ratio,high,-1.127066969871521,0.1306561529636383
citric_fixed_ratio,high,-0.9259653091430664,0.13287988305091858
citric_fixed_ratio,high,-0.7248636484146118,0.13676735758781433
citric_fixed_ratio,high,-0.523762047290802,0.13773417472839355
citric_fixed_ratio,high,-0.3226603865623474,0.13726627826690674
citric_fixed_ratio,high,-0.1215587630867958,0.13893018662929535
citric_fixed_ratio,high,0.0795428603887558,0.14315161108970642
citric_fixed_ratio,high,0.2806445062160492,0.14876456558704376
citric_fixed_ratio,high,0.481746107339859,0.14745023846626282
citric_fixed_ratio,high,0.6828477382659912,0.1503525674343109
citric_fixed_ratio,high,0.8839493989944458,0.1507968157529831
citric_fixed_ratio,high,1.0850510597229004,0.150924414396286
citric_fixed_ratio,high,1.2861526012420654,0.14852049946784973
citric_fixed_ratio,high,1.48725426197052,0.14660236239433289
citric_fixed_ratio,high,1.6883559226989746,0.14698442816734314
citric_fixed_ratio,high,1.8894575834274292,0.14773689210414886
citric_fixed_ratio,high,2.090559244155884,0.1444302499294281
citric_fixed_ratio,high,2.291660785675049,0.14043693244457245
